pickup_zone_id,window_start,trip_count,avg_trip_distance,avg_fare_amount,avg_duration_min,p90_duration_min,hour_of_day,day_of_week,is_weekend
1,2024-01-02 18:00:00,1,2.0,9.0,1.2166666666666666,1.2166666666666666,18,3,False
1,2024-01-02 19:00:00,1,15.8,86.0,38.63333333333333,38.63333333333333,19,3,False
1,2024-01-03 12:00:00,1,17.64,91.6,36.95,36.95,12,4,False
1,2024-01-03 15:00:00,1,14.2,106.6,27.45,27.45,15,4,False
1,2024-01-07 14:00:00,1,4.87,35.9,12.15,12.15,14,1,True
1,2024-01-08 05:00:00,1,5.54,35.9,13.183333333333334,13.183333333333334,5,2,False
1,2024-01-10 14:00:00,1,0.3,116.0,1.8,1.8,14,4,False
1,2024-01-14 18:00:00,1,1.96,20.0,5.316666666666666,5.316666666666666,18,1,True
1,2024-01-15 08:00:00,1,25.87,96.8,41.45,41.45,8,2,False
1,2024-01-15 14:00:00,1,19.59,147.2,37.8,37.8,14,2,False
1,2024-01-16 16:00:00,1,14.2,73.4,23.733333333333334,23.733333333333334,16,3,False
1,2024-01-18 06:00:00,1,17.91,70.0,30.983333333333334,30.983333333333334,6,5,False
1,2024-01-18 23:00:00,1,22.33,75.0,43.8,43.8,23,5,False
1,2024-01-20 13:00:00,1,17.66,146.5,41.733333333333334,41.733333333333334,13,7,True
1,2024-01-28 18:00:00,1,1.8,9.3,4.016666666666667,4.016666666666667,18,1,True
1,2024-01-31 17:00:00,1,17.1,0.0,1.4666666666666666,1.4666666666666666,17,4,False
2,2024-01-04 05:00:00,1,9.6,36.6,16.533333333333335,16.533333333333335,5,5,False
2,2024-01-06 23:00:00,1,9.98,39.25,28.3,28.3,23,7,True
2,2024-01-08 22:00:00,1,18.69,70.0,28.316666666666666,28.316666666666666,22,2,False
3,2024-01-01 01:00:00,1,9.66,35.27,18.166666666666668,18.166666666666668,1,2,False
3,2024-01-02 06:00:00,1,18.5,51.5,59.65,59.65,6,3,False
3,2024-01-02 07:00:00,1,13.2,42.5,56.86666666666667,56.86666666666667,7,3,False
3,2024-01-02 13:00:00,1,5.3,28.08,22.95,22.95,13,3,False
3,2024-01-02 18:00:00,1,35.7,216.5,55.333333333333336,55.333333333333336,18,3,False
3,2024-01-03 12:00:00,1,12.2,36.5,55.28333333333333,55.28333333333333,12,4,False
3,2024-01-03 13:00:00,1,4.3,22.5,28.466666666666665,28.466666666666665,13,4,False
3,2024-01-04 05:00:00,1,17.4,52.5,35.7,35.7,5,5,False
3,2024-01-04 08:00:00,2,15.4,49.5,50.15,52.56333333333333,8,5,False
3,2024-01-04 12:00:00,1,10.5,42.5,30.383333333333333,30.383333333333333,12,5,False
3,2024-01-04 16:00:00,2,4.7,24.0,24.883333333333333,25.576666666666668,16,5,False
3,2024-01-04 17:00:00,1,4.84,37.75,27.566666666666666,27.566666666666666,17,5,False
3,2024-01-04 19:00:00,1,4.26,17.32,11.483333333333333,11.483333333333333,19,5,False
3,2024-01-05 06:00:00,1,6.6,52.5,19.966666666666665,19.966666666666665,6,6,False
3,2024-01-05 10:00:00,1,7.4,31.5,26.966666666666665,26.966666666666665,10,6,False
3,2024-01-06 17:00:00,1,6.1,32.5,40.3,40.3,17,7,True
3,2024-01-07 09:00:00,1,12.8,41.5,23.6,23.6,9,1,True
3,2024-01-07 12:00:00,1,3.7,21.5,19.333333333333332,19.333333333333332,12,1,True
3,2024-01-08 07:00:00,1,11.02,58.87,45.0,45.0,7,2,False
3,2024-01-08 10:00:00,1,12.4,42.5,172.2,172.2,10,2,False
3,2024-01-08 13:00:00,1,26.2,73.5,74.56666666666666,74.56666666666666,13,2,False
3,2024-01-09 07:00:00,1,5.2,33.5,66.36666666666666,66.36666666666666,7,3,False
3,2024-01-11 04:00:00,1,14.2,38.5,39.666666666666664,39.666666666666664,4,5,False
3,2024-01-11 13:00:00,1,0.1,45.5,47.05,47.05,13,5,False
3,2024-01-12 04:00:00,1,14.0,53.5,58.15,58.15,4,6,False
3,2024-01-12 05:00:00,1,13.8,52.5,44.45,44.45,5,6,False
3,2024-01-12 06:00:00,1,14.4,44.5,49.016666666666666,49.016666666666666,6,6,False
3,2024-01-12 08:00:00,1,9.5,47.5,49.75,49.75,8,6,False
3,2024-01-12 12:00:00,1,12.7,45.5,49.43333333333333,49.43333333333333,12,6,False
3,2024-01-12 15:00:00,1,15.9,44.5,70.55,70.55,15,6,False
3,2024-01-13 10:00:00,1,14.1,43.5,29.3,29.3,10,7,True
3,2024-01-14 08:00:00,1,0.2,19.5,2.45,2.45,8,1,True
3,2024-01-14 10:00:00,1,0.2,65.5,58.1,58.1,10,1,True
3,2024-01-14 15:00:00,1,3.5,22.5,16.05,16.05,15,1,True
3,2024-01-14 23:00:00,1,2.36,16.49,9.033333333333333,9.033333333333333,23,1,True
3,2024-01-16 10:00:00,1,1.0,17.5,9.916666666666666,9.916666666666666,10,3,False
3,2024-01-16 15:00:00,1,9.3,40.5,55.266666666666666,55.266666666666666,15,3,False
3,2024-01-17 10:00:00,1,9.9,38.5,30.666666666666668,30.666666666666668,10,4,False
3,2024-01-17 14:00:00,1,4.74,28.79,27.416666666666668,27.416666666666668,14,4,False
3,2024-01-17 15:00:00,1,6.5,37.5,41.56666666666667,41.56666666666667,15,4,False
3,2024-01-18 05:00:00,1,10.0,36.5,34.416666666666664,34.416666666666664,5,5,False
3,2024-01-18 10:00:00,1,4.1,21.2,16.65,16.65,10,5,False
3,2024-01-18 12:00:00,1,18.8,45.5,64.56666666666666,64.56666666666666,12,5,False
3,2024-01-19 05:00:00,2,14.9,48.0,38.3,44.699999999999996,5,6,False
3,2024-01-19 06:00:00,1,14.9,51.5,41.2,41.2,6,6,False
3,2024-01-19 10:00:00,1,13.6,40.5,69.68333333333334,69.68333333333334,10,6,False
3,2024-01-19 12:00:00,1,2.9,21.5,102.25,102.25,12,6,False
3,2024-01-19 14:00:00,1,18.5,50.5,46.333333333333336,46.333333333333336,14,6,False
3,2024-01-19 15:00:00,1,2.6,19.5,18.933333333333334,18.933333333333334,15,6,False
3,2024-01-20 08:00:00,1,2.3,55.5,106.0,106.0,8,7,True
3,2024-01-20 20:00:00,1,22.3,52.5,63.8,63.8,20,7,True
3,2024-01-20 23:00:00,1,11.88,37.42,23.35,23.35,23,7,True
3,2024-01-22 10:00:00,1,0.8,16.5,11.133333333333333,11.133333333333333,10,2,False
3,2024-01-22 11:00:00,1,5.2,35.5,42.266666666666666,42.266666666666666,11,2,False
3,2024-01-22 14:00:00,1,17.3,51.5,47.266666666666666,47.266666666666666,14,2,False
3,2024-01-22 21:00:00,1,0.47,70.0,4.683333333333334,4.683333333333334,21,2,False
3,2024-01-23 06:00:00,1,14.4,51.5,45.95,45.95,6,3,False
3,2024-01-23 08:00:00,1,1.4,20.5,14.816666666666666,14.816666666666666,8,3,False
3,2024-01-24 11:00:00,1,13.3,48.5,76.65,76.65,11,4,False
3,2024-01-24 16:00:00,1,4.7,25.5,33.083333333333336,33.083333333333336,16,4,False
3,2024-01-25 13:00:00,1,10.0,35.5,33.05,33.05,13,5,False
3,2024-01-26 04:00:00,1,8.8,53.5,34.05,34.05,4,6,False
3,2024-01-26 05:00:00,1,3.6,47.5,71.3,71.3,5,6,False
3,2024-01-26 06:00:00,1,14.4,51.5,63.63333333333333,63.63333333333333,6,6,False
3,2024-01-26 09:00:00,1,5.9,27.5,30.166666666666668,30.166666666666668,9,6,False
3,2024-01-26 12:00:00,1,16.5,42.5,97.9,97.9,12,6,False
3,2024-01-26 13:00:00,1,10.1,33.5,71.43333333333334,71.43333333333334,13,6,False
3,2024-01-26 21:00:00,1,12.4,47.5,58.95,58.95,21,6,False
3,2024-01-28 06:00:00,1,3.11,21.27,15.266666666666667,15.266666666666667,6,1,True
3,2024-01-29 03:00:00,1,14.9,53.5,28.4,28.4,3,2,False
3,2024-01-29 06:00:00,1,13.2,51.5,60.9,60.9,6,2,False
3,2024-01-29 13:00:00,1,1.8,17.5,9.15,9.15,13,2,False
3,2024-01-29 18:00:00,1,9.6,33.5,33.88333333333333,33.88333333333333,18,2,False
3,2024-01-30 09:00:00,1,9.7,40.5,31.216666666666665,31.216666666666665,9,3,False
3,2024-01-31 06:00:00,1,8.3,36.5,34.68333333333333,34.68333333333333,6,4,False
3,2024-01-31 07:00:00,1,17.2,46.5,91.55,91.55,7,4,False
3,2024-01-31 08:00:00,1,5.9,29.5,45.3,45.3,8,4,False
3,2024-01-31 15:00:00,1,2.7,20.5,26.8,26.8,15,4,False
4,2024-01-01 00:00:00,22,3.1181818181818177,20.46818181818182,19.596212121212123,35.23333333333334,0,2,False
4,2024-01-01 01:00:00,26,3.8815384615384616,22.60346153846154,20.041025641025637,32.7,1,2,False
4,2024-01-01 02:00:00,30,3.9046666666666665,22.983999999999998,17.836111111111112,25.26666666666667,2,2,False
4,2024-01-01 03:00:00,27,4.59037037037037,28.214444444444442,14.459876543209877,26.060000000000006,3,2,False
4,2024-01-01 04:00:00,29,2.8596551724137926,17.204827586206896,11.891954022988505,22.73333333333333,4,2,False
4,2024-01-01 05:00:00,6,3.205,17.115,11.969444444444443,17.45,5,2,False
4,2024-01-01 06:00:00,4,4.855,23.237499999999997,27.391666666666666,50.81333333333334,6,2,False
4,2024-01-01 07:00:00,4,4.455,18.84,12.191666666666666,16.628333333333334,7,2,False
4,2024-01-01 09:00:00,1,0.71,8.58,5.216666666666667,5.216666666666667,9,2,False
4,2024-01-01 10:00:00,3,3.2566666666666664,15.183333333333335,12.166666666666666,14.236666666666666,10,2,False
4,2024-01-01 11:00:00,4,2.075,13.885,13.629166666666666,20.39666666666667,11,2,False
4,2024-01-01 12:00:00,3,4.3500000000000005,20.283333333333335,14.722222222222221,19.216666666666665,12,2,False
4,2024-01-01 13:00:00,1,4.31,22.6,17.916666666666668,17.916666666666668,13,2,False
4,2024-01-01 14:00:00,3,8.406666666666666,36.06666666666667,26.900000000000002,48.02333333333333,14,2,False
4,2024-01-01 15:00:00,3,2.9,19.063333333333333,13.02222222222222,17.86,15,2,False
4,2024-01-01 17:00:00,2,6.865,32.05,23.583333333333336,24.19666666666667,17,2,False
4,2024-01-01 18:00:00,1,4.33,20.5,11.833333333333334,11.833333333333334,18,2,False
4,2024-01-01 19:00:00,2,1.1,7.9,6.041666666666666,7.075,19,2,False
4,2024-01-01 20:00:00,2,2.09,13.84,12.633333333333333,17.886666666666667,20,2,False
4,2024-01-01 21:00:00,4,2.0949999999999998,12.52,11.35,13.761666666666667,21,2,False
4,2024-01-02 00:00:00,1,5.97,26.8,20.25,20.25,0,3,False
4,2024-01-02 01:00:00,1,0.63,6.83,3.9,3.9,1,3,False
4,2024-01-02 02:00:00,1,1.99,13.5,10.9,10.9,2,3,False
4,2024-01-02 05:00:00,1,2.0,16.5,30.933333333333334,30.933333333333334,5,3,False
4,2024-01-02 07:00:00,3,2.7099999999999995,14.479999999999999,17.900000000000002,32.25666666666667,7,3,False
4,2024-01-02 08:00:00,6,6.463333333333334,23.666666666666668,25.197222222222223,42.15833333333333,8,3,False
4,2024-01-02 09:00:00,3,2.0033333333333334,13.496666666666668,9.772222222222222,11.103333333333333,9,3,False
4,2024-01-02 10:00:00,4,2.355,14.5025,12.366666666666667,17.166666666666668,10,3,False
4,2024-01-02 12:00:00,2,2.04,14.55,14.866666666666667,16.04,12,3,False
4,2024-01-02 13:00:00,2,4.145,20.85,20.416666666666668,32.64333333333334,13,3,False
4,2024-01-02 14:00:00,3,2.2733333333333334,13.74,10.366666666666667,13.253333333333334,14,3,False
4,2024-01-02 15:00:00,1,2.26,17.0,17.116666666666667,17.116666666666667,15,3,False
4,2024-01-02 17:00:00,2,2.9000000000000004,19.8,19.858333333333334,24.744999999999997,17,3,False
4,2024-01-02 18:00:00,1,5.0,25.4,24.45,24.45,18,3,False
4,2024-01-02 19:00:00,2,3.2,18.095,14.483333333333334,16.976666666666667,19,3,False
4,2024-01-02 22:00:00,6,2.1633333333333336,13.383333333333333,10.483333333333333,13.466666666666667,22,3,False
4,2024-01-03 03:00:00,1,3.59,18.57,11.783333333333333,11.783333333333333,3,4,False
4,2024-01-03 06:00:00,1,1.16,8.6,6.616666666666666,6.616666666666666,6,4,False
4,2024-01-03 07:00:00,1,1.0,8.6,7.966666666666667,7.966666666666667,7,4,False
4,2024-01-03 08:00:00,4,4.275,22.5625,39.7625,80.47833333333335,8,4,False
4,2024-01-03 09:00:00,5,5.337999999999999,24.21,24.976666666666667,38.92,9,4,False
4,2024-01-03 10:00:00,2,3.1950000000000003,20.16,18.633333333333333,19.446666666666665,10,4,False
4,2024-01-03 11:00:00,2,1.8900000000000001,15.455,11.691666666666666,13.445,11,4,False
4,2024-01-03 12:00:00,2,2.365,16.75,17.766666666666666,23.766666666666666,12,4,False
4,2024-01-03 13:00:00,2,1.585,12.100000000000001,11.391666666666666,13.425,13,4,False
4,2024-01-03 14:00:00,1,2.37,15.99,17.583333333333332,17.583333333333332,14,4,False
4,2024-01-03 15:00:00,2,2.935,27.7,20.5,31.7,15,4,False
4,2024-01-03 16:00:00,1,2.72,23.81,18.183333333333334,18.183333333333334,16,4,False
4,2024-01-03 17:00:00,2,0.8200000000000001,9.3,8.2,8.306666666666667,17,4,False
4,2024-01-03 18:00:00,3,1.9466666666666665,14.303333333333333,8.366666666666667,14.160000000000002,18,4,False
4,2024-01-03 20:00:00,2,3.25,16.65,13.375,16.475,20,4,False
4,2024-01-03 21:00:00,1,2.78,17.7,17.433333333333334,17.433333333333334,21,4,False
4,2024-01-03 22:00:00,1,1.16,8.6,6.633333333333334,6.633333333333334,22,4,False
4,2024-01-03 23:00:00,1,0.8,7.9,6.7,6.7,23,4,False
4,2024-01-04 00:00:00,1,1.5,12.8,12.016666666666667,12.016666666666667,0,5,False
4,2024-01-04 01:00:00,1,2.35,10.85,8.8,8.8,1,5,False
4,2024-01-04 02:00:00,2,3.675,18.75,15.991666666666667,17.865,2,5,False
4,2024-01-04 05:00:00,1,1.1,16.5,15.783333333333333,15.783333333333333,5,5,False
4,2024-01-04 06:00:00,1,8.6,40.5,32.233333333333334,32.233333333333334,6,5,False
4,2024-01-04 07:00:00,3,1.7133333333333336,14.206666666666669,12.588888888888889,18.52,7,5,False
4,2024-01-04 08:00:00,2,5.045,23.299999999999997,13.841666666666667,22.515,8,5,False
4,2024-01-04 09:00:00,1,5.29,26.1,20.7,20.7,9,5,False
4,2024-01-04 10:00:00,4,3.035,17.875,16.579166666666666,23.840000000000003,10,5,False
4,2024-01-04 12:00:00,2,9.35,34.2,32.858333333333334,42.19833333333333,12,5,False
4,2024-01-04 13:00:00,2,5.63,23.825,14.091666666666667,20.325,13,5,False
4,2024-01-04 14:00:00,5,2.168,15.040000000000001,13.84,20.9,14,5,False
4,2024-01-04 15:00:00,3,6.026666666666667,31.233333333333334,38.92777777777778,66.74333333333334,15,5,False
4,2024-01-04 16:00:00,1,2.98,19.8,20.016666666666666,20.016666666666666,16,5,False
4,2024-01-04 17:00:00,3,5.390000000000001,28.74333333333333,23.644444444444446,30.98,17,5,False
4,2024-01-04 18:00:00,1,3.3,22.6,22.666666666666668,22.666666666666668,18,5,False
4,2024-01-04 19:00:00,2,3.805,19.1,13.191666666666666,18.531666666666666,19,5,False
4,2024-01-04 20:00:00,4,2.3,16.125,15.891666666666667,22.925000000000004,20,5,False
4,2024-01-04 21:00:00,6,2.6083333333333334,15.950000000000001,13.569444444444445,20.975,21,5,False
4,2024-01-04 22:00:00,2,0.8800000000000001,7.199999999999999,5.458333333333333,6.718333333333334,22,5,False
4,2024-01-04 23:00:00,6,2.4433333333333334,13.808333333333332,10.605555555555556,16.5,23,5,False
4,2024-01-05 00:00:00,2,4.275,23.65,21.825,27.951666666666668,0,6,False
4,2024-01-05 01:00:00,4,3.8325000000000005,18.925,12.425,19.796666666666667,1,6,False
4,2024-01-05 02:00:00,1,6.76,27.97,22.083333333333332,22.083333333333332,2,6,False
4,2024-01-05 03:00:00,1,3.4,16.0,15.05,15.05,3,6,False
4,2024-01-05 07:00:00,1,1.0,16.5,10.233333333333333,10.233333333333333,7,6,False
4,2024-01-05 08:00:00,1,0.88,8.6,6.65,6.65,8,6,False
4,2024-01-05 09:00:00,1,10.37,37.06,18.833333333333332,18.833333333333332,9,6,False
4,2024-01-05 10:00:00,3,1.6600000000000001,12.236666666666666,12.288888888888886,19.423333333333332,10,6,False
4,2024-01-05 11:00:00,2,1.67,11.4,9.083333333333332,9.696666666666667,11,6,False
4,2024-01-05 12:00:00,2,1.245,9.65,8.8,12.8,12,6,False
4,2024-01-05 15:00:00,6,1.8766666666666667,15.065,14.741666666666667,26.616666666666667,15,6,False
4,2024-01-05 16:00:00,3,1.7266666666666666,13.033333333333333,12.761111111111111,22.060000000000002,16,6,False
4,2024-01-05 17:00:00,4,2.4299999999999997,16.3,15.820833333333333,24.101666666666667,17,6,False
4,2024-01-05 18:00:00,4,3.8200000000000003,17.75,15.7375,24.928333333333335,18,6,False
4,2024-01-05 19:00:00,6,2.538333333333333,16.088333333333335,15.308333333333332,22.425,19,6,False
4,2024-01-05 20:00:00,2,1.585,11.4,9.5,12.926666666666666,20,6,False
4,2024-01-05 21:00:00,5,2.2880000000000003,14.252,11.49,13.946666666666667,21,6,False
4,2024-01-05 22:00:00,2,0.895,7.9,6.358333333333333,6.9383333333333335,22,6,False
4,2024-01-05 23:00:00,10,1.613,11.120000000000001,9.629999999999999,14.548333333333332,23,6,False
4,2024-01-06 00:00:00,16,2.175,14.16625,12.910416666666666,20.416666666666668,0,7,True
4,2024-01-06 01:00:00,22,2.2772727272727273,13.555,10.856818181818182,14.575000000000001,1,7,True
4,2024-01-06 02:00:00,23,2.6930434782608694,14.534782608695652,11.394927536231883,21.220000000000002,2,7,True
4,2024-01-06 03:00:00,8,1.89625,10.7875,7.454166666666667,10.833333333333334,3,7,True
4,2024-01-06 04:00:00,2,7.515000000000001,32.05,19.441666666666666,19.595,4,7,True
4,2024-01-06 06:00:00,1,0.97,6.83,4.7,4.7,6,7,True
4,2024-01-06 08:00:00,2,3.385,18.655,16.658333333333335,17.158333333333335,8,7,True
4,2024-01-06 09:00:00,2,1.905,12.100000000000001,9.825,13.591666666666667,9,7,True
4,2024-01-06 10:00:00,1,1.25,11.74,9.35,9.35,10,7,True
